feedback,category
The practical sessions are very engaging and informative.,Academics
Some subjects are not taught in enough depth.,Academics
ID cards take too long to be issued.,Administration
The labs have modern equipment and are well-organized.,Facilities
The professors explain concepts very clearly.,Academics
Exam results are declared very late.,Administration
There is inadequate seating in the common areas.,Facilities
There is a lot of delay in processing scholarship applications.,Administration
Grievances are not resolved on time.,Administration
The course syllabus is up-to-date and industry-relevant.,Academics
Project work lacks proper mentoring.,Academics
There’s confusion around fee payment deadlines.,Administration
The labs have modern equipment and are well-organized.,Facilities
The course syllabus is up-to-date and industry-relevant.,Academics
The course syllabus is up-to-date and industry-relevant.,Academics
The course syllabus is up-to-date and industry-relevant.,Academics
Air conditioning in the seminar halls is insufficient.,Facilities
I wish the exam timetable was communicated more clearly.,Administration
The library is spacious and has enough study material.,Facilities
ID cards take too long to be issued.,Administration
The sports facilities are outdated and rarely maintained.,Facilities
The classrooms are clean and well-maintained.,Facilities
Exam results are declared very late.,Administration
The labs have modern equipment and are well-organized.,Facilities
The hostel bathrooms are often dirty and not cleaned regularly.,Facilities
There is inadequate seating in the common areas.,Facilities
There is inadequate seating in the common areas.,Facilities
ID cards take too long to be issued.,Administration
The library is spacious and has enough study material.,Facilities
The library is spacious and has enough study material.,Facilities
Some subjects are not taught in enough depth.,Academics
The labs have modern equipment and are well-organized.,Facilities
The classrooms are clean and well-maintained.,Facilities
The Wi-Fi speed in the hostels is very poor.,Facilities
The hostel bathrooms are often dirty and not cleaned regularly.,Facilities
The assignment deadlines are too tight.,Academics
The practical sessions are very engaging and informative.,Academics
The admission process was very smooth.,Administration
I wish the exam timetable was communicated more clearly.,Administration
Some subjects are not taught in enough depth.,Academics
The admission process was very smooth.,Administration
The professors explain concepts very clearly.,Academics
The sports facilities are outdated and rarely maintained.,Facilities
The Wi-Fi speed in the hostels is very poor.,Facilities
There’s confusion around fee payment deadlines.,Administration
Lectures start on time and follow the schedule properly.,Academics
The canteen food quality needs improvement.,Facilities
The Wi-Fi speed in the hostels is very poor.,Facilities
The library is spacious and has enough study material.,Facilities
Project work lacks proper mentoring.,Academics
Grievances are not resolved on time.,Administration
The office staff is not very responsive to queries.,Administration
The professors explain concepts very clearly.,Academics
The library is spacious and has enough study material.,Facilities
Exam results are declared very late.,Administration
The practical sessions are very engaging and informative.,Academics
I wish the exam timetable was communicated more clearly.,Administration
There is a lot of delay in processing scholarship applications.,Administration
The faculty is always available to clear doubts.,Academics
There is too much emphasis on rote learning.,Academics
The assignment deadlines are too tight.,Academics
There is inadequate seating in the common areas.,Facilities
The hostel bathrooms are often dirty and not cleaned regularly.,Facilities
The practical sessions are very engaging and informative.,Academics
Air conditioning in the seminar halls is insufficient.,Facilities
The drinking water dispensers are often empty.,Facilities
There’s confusion around fee payment deadlines.,Administration
There’s confusion around fee payment deadlines.,Administration
Grievances are not resolved on time.,Administration
Some subjects are not taught in enough depth.,Academics
The practical sessions are very engaging and informative.,Academics
There is too much emphasis on rote learning.,Academics
Exam results are declared very late.,Administration
The sports facilities are outdated and rarely maintained.,Facilities
The professors explain concepts very clearly.,Academics
I wish the exam timetable was communicated more clearly.,Administration
The classrooms are clean and well-maintained.,Facilities
There is too much emphasis on rote learning.,Academics
Air conditioning in the seminar halls is insufficient.,Facilities
The hostel bathrooms are often dirty and not cleaned regularly.,Facilities
Exam results are declared very late.,Administration
It takes too long to get documents attested from the admin office.,Administration
ID cards take too long to be issued.,Administration
Air conditioning in the seminar halls is insufficient.,Facilities
The practical sessions are very engaging and informative.,Academics
The practical sessions are very engaging and informative.,Academics
The Wi-Fi speed in the hostels is very poor.,Facilities
Exam results are declared very late.,Administration
Communication from administration is inconsistent.,Administration
ID cards take too long to be issued.,Administration
Exam results are declared very late.,Administration
The canteen food quality needs improvement.,Facilities
ID cards take too long to be issued.,Administration
The library is spacious and has enough study material.,Facilities
The faculty is always available to clear doubts.,Academics
The drinking water dispensers are often empty.,Facilities
The online classes were not effective.,Academics
Exam results are declared very late.,Administration
Project work lacks proper mentoring.,Academics
The classrooms are clean and well-maintained.,Facilities
Some subjects are not taught in enough depth.,Academics
The practical sessions are very engaging and informative.,Academics
Grievances are not resolved on time.,Administration
Some subjects are not taught in enough depth.,Academics
Communication from administration is inconsistent.,Administration
ID cards take too long to be issued.,Administration
Some subjects are not taught in enough depth.,Academics
I wish the exam timetable was communicated more clearly.,Administration
Some subjects are not taught in enough depth.,Academics
The sports facilities are outdated and rarely maintained.,Facilities
The online classes were not effective.,Academics
Exam results are declared very late.,Administration
The sports facilities are outdated and rarely maintained.,Facilities
The sports facilities are outdated and rarely maintained.,Facilities
The professors explain concepts very clearly.,Academics
It takes too long to get documents attested from the admin office.,Administration
There’s confusion around fee payment deadlines.,Administration
The drinking water dispensers are often empty.,Facilities
The hostel bathrooms are often dirty and not cleaned regularly.,Facilities
Lectures start on time and follow the schedule properly.,Academics
Lectures start on time and follow the schedule properly.,Academics
There’s confusion around fee payment deadlines.,Administration
Grievances are not resolved on time.,Administration
The course syllabus is up-to-date and industry-relevant.,Academics
The admission process was very smooth.,Administration
There’s confusion around fee payment deadlines.,Administration
The drinking water dispensers are often empty.,Facilities
The online classes were not effective.,Academics
The professors explain concepts very clearly.,Academics
The Wi-Fi speed in the hostels is very poor.,Facilities
The classrooms are clean and well-maintained.,Facilities
The office staff is not very responsive to queries.,Administration
Exam results are declared very late.,Administration
There is too much emphasis on rote learning.,Academics
Lectures start on time and follow the schedule properly.,Academics
The Wi-Fi speed in the hostels is very poor.,Facilities
There is inadequate seating in the common areas.,Facilities
Grievances are not resolved on time.,Administration
The practical sessions are very engaging and informative.,Academics
The canteen food quality needs improvement.,Facilities
Exam results are declared very late.,Administration
The drinking water dispensers are often empty.,Facilities
Lectures start on time and follow the schedule properly.,Academics
There is too much emphasis on rote learning.,Academics
There is too much emphasis on rote learning.,Academics
The office staff is not very responsive to queries.,Administration
The Wi-Fi speed in the hostels is very poor.,Facilities
There is too much emphasis on rote learning.,Academics
I wish the exam timetable was communicated more clearly.,Administration
The Wi-Fi speed in the hostels is very poor.,Facilities
The hostel bathrooms are often dirty and not cleaned regularly.,Facilities
Some subjects are not taught in enough depth.,Academics
Some subjects are not taught in enough depth.,Academics
The assignment deadlines are too tight.,Academics
Grievances are not resolved on time.,Administration
The library is spacious and has enough study material.,Facilities
There is too much emphasis on rote learning.,Academics
The hostel bathrooms are often dirty and not cleaned regularly.,Facilities
ID cards take too long to be issued.,Administration
There is a lot of delay in processing scholarship applications.,Administration
Grievances are not resolved on time.,Administration
The labs have modern equipment and are well-organized.,Facilities
The classrooms are clean and well-maintained.,Facilities
Some subjects are not taught in enough depth.,Academics
The Wi-Fi speed in the hostels is very poor.,Facilities
Grievances are not resolved on time.,Administration
There’s confusion around fee payment deadlines.,Administration
There is too much emphasis on rote learning.,Academics
The sports facilities are outdated and rarely maintained.,Facilities
ID cards take too long to be issued.,Administration
There is too much emphasis on rote learning.,Academics
Lectures start on time and follow the schedule properly.,Academics
The course syllabus is up-to-date and industry-relevant.,Academics
The office staff is not very responsive to queries.,Administration
I wish the exam timetable was communicated more clearly.,Administration
The Wi-Fi speed in the hostels is very poor.,Facilities
Project work lacks proper mentoring.,Academics
I wish the exam timetable was communicated more clearly.,Administration
There is too much emphasis on rote learning.,Academics
The drinking water dispensers are often empty.,Facilities
The classrooms are clean and well-maintained.,Facilities
The professors explain concepts very clearly.,Academics
The library is spacious and has enough study material.,Facilities
The professors explain concepts very clearly.,Academics
The admission process was very smooth.,Administration
The professors explain concepts very clearly.,Academics
The library is spacious and has enough study material.,Facilities
It takes too long to get documents attested from the admin office.,Administration
Communication from administration is inconsistent.,Administration
It takes too long to get documents attested from the admin office.,Administration
There’s confusion around fee payment deadlines.,Administration
The labs have modern equipment and are well-organized.,Facilities
The assignment deadlines are too tight.,Academics
The course syllabus is up-to-date and industry-relevant.,Academics
The Wi-Fi speed in the hostels is very poor.,Facilities
The office staff is not very responsive to queries.,Administration
There is a lot of delay in processing scholarship applications.,Administration
The Wi-Fi speed in the hostels is very poor.,Facilities
There’s confusion around fee payment deadlines.,Administration
The canteen food quality needs improvement.,Facilities
